Datetime,MW
1/1/2012,2629.913043
1/2/2012,3179.875
1/3/2012,3503.375
1/4/2012,3470.541667
1/5/2012,3210.125
1/6/2012,2978.416667
1/7/2012,2701.083333
1/8/2012,2766.916667
1/9/2012,3010.666667
1/10/2012,3039.166667
1/11/2012,3070.166667
1/12/2012,3165.25
1/13/2012,3756.833333
1/14/2012,3318.708333
1/15/2012,3155.083333
1/16/2012,3249.75
1/17/2012,2995
1/18/2012,3321.541667
1/19/2012,3447.708333
1/20/2012,3622.541667
1/21/2012,3400.958333
1/22/2012,3171.375
1/23/2012,3031.541667
1/24/2012,3253.25
1/25/2012,3349.125
1/26/2012,3206
1/27/2012,3193.125
1/28/2012,2959.5
1/29/2012,2986.916667
1/30/2012,3175.833333
1/31/2012,2938.916667
2/1/2012,2830.75
2/2/2012,2866.5
2/3/2012,2982.541667
2/4/2012,2834.291667
2/5/2012,2721.458333
2/6/2012,3091.75
2/7/2012,3216.5
2/8/2012,3271.416667
2/9/2012,3292.416667
2/10/2012,3299.458333
2/11/2012,3331.416667
2/12/2012,3251.208333
2/13/2012,3401.958333
2/14/2012,3313.708333
2/15/2012,3117.916667
2/16/2012,3045.916667
2/17/2012,3002.041667
2/18/2012,2829.791667
2/19/2012,2935.541667
2/20/2012,3199.583333
2/21/2012,3102.166667
2/22/2012,2930.541667
2/23/2012,2936.458333
2/24/2012,3035.125
2/25/2012,3050.625
2/26/2012,2910.458333
2/27/2012,2930.458333
2/28/2012,2966.583333
2/29/2012,2820.208333
3/1/2012,2837.541667
3/2/2012,2914.541667
3/3/2012,2800.041667
3/4/2012,2909.458333
3/5/2012,3213.125
3/6/2012,3085.791667
3/7/2012,2797.875
3/8/2012,2818.25
3/9/2012,2916.833333
3/10/2012,2736.208333
3/11/2012,2560.652174
3/12/2012,2730.833333
3/13/2012,2706.541667
3/14/2012,2718.291667
3/15/2012,2775.5
3/16/2012,2686.458333
3/17/2012,2477
3/18/2012,2445.25
3/19/2012,2878.375
3/20/2012,2978.25
3/21/2012,3069
3/22/2012,3075.25
3/23/2012,2808.375
3/24/2012,2385.583333
3/25/2012,2299.625
3/26/2012,2593.666667
3/27/2012,2709.25
3/28/2012,2714.208333
3/29/2012,2656.916667
3/30/2012,2676.125
3/31/2012,2408.25
4/1/2012,2404.041667
4/2/2012,2611.458333
4/3/2012,2748.875
4/4/2012,2744.708333
4/5/2012,2587.5
4/6/2012,2517
4/7/2012,2366.916667
4/8/2012,2200.291667
4/9/2012,2556.291667
4/10/2012,2657.625
4/11/2012,2815.791667
4/12/2012,2788.083333
4/13/2012,2689.125
4/14/2012,2473.916667
4/15/2012,2421.875
4/16/2012,2778.791667
4/17/2012,2645.083333
4/18/2012,2678.791667
4/19/2012,2722.125
4/20/2012,2666.875
4/21/2012,2409.083333
4/22/2012,2448.875
4/23/2012,2707.416667
4/24/2012,2709.541667
4/25/2012,2710.291667
4/26/2012,2713.375
4/27/2012,2621.166667
4/28/2012,2510.291667
4/29/2012,2416.083333
4/30/2012,2820.416667
5/1/2012,2893.75
5/2/2012,3180.416667
5/3/2012,3416.416667
5/4/2012,3211.375
5/5/2012,2839
5/6/2012,2813.916667
5/7/2012,3254.25
5/8/2012,2963.416667
5/9/2012,2754
5/10/2012,2668.708333
5/11/2012,2658.333333
5/12/2012,2465.791667
5/13/2012,2418.666667
5/14/2012,2791.375
5/15/2012,2919.083333
5/16/2012,2968.625
5/17/2012,2763.166667
5/18/2012,2798.041667
5/19/2012,2824.916667
5/20/2012,3005.458333
5/21/2012,3271
5/22/2012,2954.208333
5/23/2012,3087.875
5/24/2012,3316.25
5/25/2012,3495.541667
5/26/2012,3476.083333
5/27/2012,3487.25
5/28/2012,3615.833333
5/29/2012,3518.666667
5/30/2012,3344
5/31/2012,3111.416667
6/1/2012,2827
6/2/2012,2445.666667
6/3/2012,2544.166667
6/4/2012,3062.875
6/5/2012,2829.916667
6/6/2012,2847.958333
6/7/2012,3008
6/8/2012,3151.416667
6/9/2012,3061.833333
6/10/2012,3141.041667
6/11/2012,3388.5
6/12/2012,3577
6/13/2012,3152.916667
6/14/2012,3106.666667
6/15/2012,3425.541667
6/16/2012,3516.541667
6/17/2012,3284.791667
6/18/2012,3755.791667
6/19/2012,3912.875
6/20/2012,4007.208333
6/21/2012,4069.25
6/22/2012,3780.666667
6/23/2012,3341.833333
6/24/2012,3452.458333
6/25/2012,3683.75
6/26/2012,3144.833333
6/27/2012,3405.541667
6/28/2012,4013.666667
6/29/2012,4113
6/30/2012,3525.041667
7/1/2012,3563.375
7/2/2012,3800.625
7/3/2012,4114.458333
7/4/2012,4011
7/5/2012,4343.666667
7/6/2012,4344.125
7/7/2012,4380.791667
7/8/2012,4127.208333
7/9/2012,3886.083333
7/10/2012,3836.833333
7/11/2012,3899.083333
7/12/2012,3893.666667
7/13/2012,3700.416667
7/14/2012,3355.833333
7/15/2012,3396.875
7/16/2012,4130.208333
7/17/2012,4427.125
7/18/2012,4085.375
7/19/2012,3675
7/20/2012,3497.041667
7/21/2012,3161.291667
7/22/2012,3428.75
7/23/2012,4136.166667
7/24/2012,4026.166667
7/25/2012,4139.791667
7/26/2012,4391.291667
7/27/2012,3947.916667
7/28/2012,3188.166667
7/29/2012,3211.083333
7/30/2012,3725.333333
7/31/2012,3841.25
8/1/2012,3997.416667
8/2/2012,4007.625
8/3/2012,3846.875
8/4/2012,3839.458333
8/5/2012,3685.25
8/6/2012,3660.875
8/7/2012,3752.416667
8/8/2012,4098.708333
8/9/2012,3823.458333
8/10/2012,3238.25
8/11/2012,2716.583333
8/12/2012,2794.125
8/13/2012,3241.958333
8/14/2012,3274.541667
8/15/2012,3449.458333
8/16/2012,3569.583333
8/17/2012,3360.458333
8/18/2012,2888.625
8/19/2012,2832.666667
8/20/2012,3082.083333
8/21/2012,3147.5
8/22/2012,3239.583333
8/23/2012,3411.416667
8/24/2012,3579
8/25/2012,3530.375
8/26/2012,3516.666667
8/27/2012,3738.083333
8/28/2012,3655.291667
8/29/2012,3525.75
8/30/2012,3504.916667
8/31/2012,3746.166667
9/1/2012,3623.333333
9/2/2012,3304.75
9/3/2012,3065.791667
9/4/2012,3660.125
9/5/2012,3731.708333
9/6/2012,3538.041667
9/7/2012,3692.875
9/8/2012,2889.125
9/9/2012,2575.583333
9/10/2012,2886.458333
9/11/2012,2919.875
9/12/2012,3051.583333
9/13/2012,3307.916667
9/14/2012,2938.791667
9/15/2012,2470.958333
9/16/2012,2490.75
9/17/2012,2848.333333
9/18/2012,2830.416667
9/19/2012,2631.916667
9/20/2012,2671.833333
9/21/2012,2653.208333
9/22/2012,2455.916667
9/23/2012,2287.041667
9/24/2012,2582.5
9/25/2012,2659.791667
9/26/2012,2779.916667
9/27/2012,2844.958333
9/28/2012,2690.416667
9/29/2012,2456.125
9/30/2012,2348.083333
10/1/2012,2604.291667
10/2/2012,2731.25
10/3/2012,2765.666667
10/4/2012,2803.416667
10/5/2012,2760.458333
10/6/2012,2343.291667
10/7/2012,2357.125
10/8/2012,2766.208333
10/9/2012,2726.166667
10/10/2012,2739.625
10/11/2012,2839.041667
10/12/2012,2663.833333
10/13/2012,2458.5
10/14/2012,2353.833333
10/15/2012,2616.625
10/16/2012,2687.458333
10/17/2012,2713.125
10/18/2012,2671.375
10/19/2012,2691.25
10/20/2012,2513.666667
10/21/2012,2442.666667
10/22/2012,2730.208333
10/23/2012,2785.708333
10/24/2012,2864.125
10/25/2012,2810.125
10/26/2012,2665.375
10/27/2012,2523
10/28/2012,2487.5
10/29/2012,2935.416667
10/30/2012,3044.916667
10/31/2012,3014.5
11/1/2012,2946.291667
11/2/2012,2817.708333
11/3/2012,2799.208333
11/4/2012,2675.304348
11/5/2012,2997.791667
11/6/2012,3003.166667
11/7/2012,2908.708333
11/8/2012,2924.375
11/9/2012,2867.125
11/10/2012,2479.583333
11/11/2012,2320.666667
11/12/2012,2777.5
11/13/2012,3045.583333
11/14/2012,3133.25
11/15/2012,3107.708333
11/16/2012,3024.75
11/17/2012,2763.75
11/18/2012,2672.958333
11/19/2012,2917.416667
11/20/2012,2857.083333
11/21/2012,2748.208333
11/22/2012,2381
11/23/2012,2444.875
11/24/2012,2838.791667
11/25/2012,2847.25
11/26/2012,2978.791667
11/27/2012,3084.333333
11/28/2012,3216.583333
11/29/2012,3231.875
11/30/2012,3016.416667
12/1/2012,2682
12/2/2012,2607.791667
12/3/2012,2818.416667
12/4/2012,2804.583333
12/5/2012,2963.916667
12/6/2012,3116.375
12/7/2012,2915
12/8/2012,2650.5
12/9/2012,2614.791667
12/10/2012,3007.041667
12/11/2012,3315.666667
12/12/2012,3359.25
12/13/2012,3323.416667
12/14/2012,3177.125
12/15/2012,2869.833333
12/16/2012,2599.375
12/17/2012,2948.666667
12/18/2012,3113.333333
12/19/2012,3114.041667
12/20/2012,3134.083333
12/21/2012,3462.041667
12/22/2012,3129.416667
12/23/2012,2906.708333
12/24/2012,2837.791667
12/25/2012,2802.916667
12/26/2012,3231.875
12/27/2012,3296.041667
12/28/2012,3242
12/29/2012,3106.125
12/30/2012,3068.791667
12/31/2012,3148.041667
1/1/2013,2955.458333
1/2/2013,3354.291667
1/3/2013,3444.625
1/4/2013,3263.791667
1/5/2013,3094.958333
1/6/2013,2960.791667
1/7/2013,3267.75
1/8/2013,3220.083333
1/9/2013,3033.833333
1/10/2013,3231.208333
1/11/2013,2878.375
1/12/2013,2592.375
1/13/2013,2528.583333
1/14/2013,3293.625
1/15/2013,3443.791667
1/16/2013,3352.75
1/17/2013,3258.625
1/18/2013,3313.458333
1/19/2013,2848.875
1/20/2013,2836.25
1/21/2013,3488.583333
1/22/2013,3890.583333
1/23/2013,3853.083333
1/24/2013,3737.458333
1/25/2013,3693
1/26/2013,3316.708333
1/27/2013,3252.541667
1/28/2013,3142.75
1/29/2013,2859.875
1/30/2013,2872
1/31/2013,3458.25
2/1/2013,3810.666667
2/2/2013,3476.791667
2/3/2013,3309.166667
2/4/2013,3595.875
2/5/2013,3345.958333
2/6/2013,3304.75
2/7/2013,3119
2/8/2013,3135.208333
2/9/2013,3043.666667
2/10/2013,2910.875
2/11/2013,2947.958333
2/12/2013,3058.5
2/13/2013,3278.25
2/14/2013,3191.708333
2/15/2013,3148.583333
2/16/2013,3224.5
2/17/2013,3179.125
2/18/2013,3209.708333
2/19/2013,3312.458333
2/20/2013,3517.208333
2/21/2013,3499
2/22/2013,3296
2/23/2013,2881.833333
2/24/2013,2894
2/25/2013,3195.708333
2/26/2013,3160.291667
2/27/2013,3226
2/28/2013,3350.458333
3/1/2013,3229.75
3/2/2013,3179.5
3/3/2013,3121.291667
3/4/2013,3323.458333
3/5/2013,3269.166667
3/6/2013,3440.958333
3/7/2013,3309.208333
3/8/2013,3158.333333
3/9/2013,2865.125
3/10/2013,2546.130435
3/11/2013,2871.791667
3/12/2013,3133.625
3/13/2013,3322.541667
3/14/2013,3303.875
3/15/2013,3036.916667
3/16/2013,2663.166667
3/17/2013,2870.375
3/18/2013,3161.875
3/19/2013,3139.208333
3/20/2013,3261.041667
3/21/2013,3409.708333
3/22/2013,3217.041667
3/23/2013,2823.791667
3/24/2013,2941.666667
3/25/2013,3294.583333
3/26/2013,3238.041667
3/27/2013,3182.208333
3/28/2013,3013.666667
3/29/2013,2791.041667
3/30/2013,2533.875
3/31/2013,2384.666667
4/1/2013,2773.833333
4/2/2013,2991.958333
4/3/2013,3029.125
4/4/2013,2955.208333
4/5/2013,2839.166667
4/6/2013,2563.125
4/7/2013,2392.333333
4/8/2013,2689.75
4/9/2013,2767.75
4/10/2013,2964.791667
4/11/2013,2859.583333
4/12/2013,2671.375
4/13/2013,2501.458333
4/14/2013,2350.75
4/15/2013,2597.833333
4/16/2013,2683.25
4/17/2013,2740.875
4/18/2013,2870.916667
4/19/2013,2684.958333
4/20/2013,2538.75
4/21/2013,2453.375
4/22/2013,2730.916667
4/23/2013,2667.666667
4/24/2013,2720.833333
4/25/2013,2831.666667
4/26/2013,2696.5
4/27/2013,2412.416667
4/28/2013,2322.75
4/29/2013,2650.333333
4/30/2013,2766.708333
5/1/2013,2918.375
5/2/2013,2906.458333
5/3/2013,2834.166667
5/4/2013,2492.875
5/5/2013,2362.041667
5/6/2013,2709.25
5/7/2013,2733.875
5/8/2013,2786.041667
5/9/2013,2871.208333
5/10/2013,2742.333333
5/11/2013,2408.708333
5/12/2013,2280.208333
5/13/2013,2670.875
5/14/2013,2781.041667
5/15/2013,3172.5
5/16/2013,3106.458333
5/17/2013,3000.416667
5/18/2013,2758.541667
5/19/2013,2852.666667
5/20/2013,3494.916667
5/21/2013,3504
5/22/2013,3271.333333
5/23/2013,2952.75
5/24/2013,2604.541667
5/25/2013,2332.041667
5/26/2013,2284.958333
5/27/2013,2513.583333
5/28/2013,3260.666667
5/29/2013,3522.75
5/30/2013,3723.291667
5/31/2013,3438.75
6/1/2013,3083.041667
6/2/2013,2921.083333
6/3/2013,2927.875
6/4/2013,2859.791667
6/5/2013,3066.666667
6/6/2013,3084.958333
6/7/2013,2944.416667
6/8/2013,2691.583333
6/9/2013,2796.625
6/10/2013,3106.25
6/11/2013,3380.666667
6/12/2013,3821.375
6/13/2013,3568.625
6/14/2013,3157.208333
6/15/2013,3014.541667
6/16/2013,2917.916667
6/17/2013,3524.833333
6/18/2013,3449
6/19/2013,3264.666667
6/20/2013,3403.625
6/21/2013,3556.5
6/22/2013,3514.125
6/23/2013,3332.541667
6/24/2013,3668.75
6/25/2013,3923.083333
6/26/2013,3688.958333
6/27/2013,3538.916667
6/28/2013,3572.041667
6/29/2013,2895.125
6/30/2013,2836.666667
7/1/2013,3074.791667
7/2/2013,3232.625
7/3/2013,3323.583333
7/4/2013,2699.166667
7/5/2013,2847.708333
7/6/2013,2810
7/7/2013,2823.916667
7/8/2013,3569.375
7/9/2013,3897.583333
7/10/2013,3906.875
7/11/2013,3486.583333
7/12/2013,3210.375
7/13/2013,3197.875
7/14/2013,3524.833333
7/15/2013,4088.708333
7/16/2013,4163.708333
7/17/2013,4255.416667
7/18/2013,4317.583333
7/19/2013,4139.583333
7/20/2013,3687.875
7/21/2013,3359.916667
7/22/2013,3538.625
7/23/2013,3670.625
7/24/2013,3194.833333
7/25/2013,3056.708333
7/26/2013,3156.5
7/27/2013,2839.583333
7/28/2013,2551.708333
7/29/2013,2991.541667
7/30/2013,3090.125
7/31/2013,3157.5
8/1/2013,3357.25
8/2/2013,3232.916667
8/3/2013,3067.708333
8/4/2013,2815.291667
8/5/2013,3108.291667
8/6/2013,3343.75
8/7/2013,3637.5
8/8/2013,3743.375
8/9/2013,3563.875
8/10/2013,3355.25
8/11/2013,3397.125
8/12/2013,3650.416667
8/13/2013,3455.875
8/14/2013,2887.125
8/15/2013,2856
8/16/2013,2939.791667
8/17/2013,2861.5
8/18/2013,2949.333333
8/19/2013,3462.208333
8/20/2013,3599.708333
8/21/2013,3682.166667
8/22/2013,3675.125
8/23/2013,3549.041667
8/24/2013,3284.958333
8/25/2013,3243.25
8/26/2013,3728.75
8/27/2013,3997.875
8/28/2013,4177.958333
8/29/2013,3995.375
8/30/2013,3837.166667
8/31/2013,3551.666667
9/1/2013,3163.541667
9/2/2013,3423.458333
9/3/2013,3132.666667
9/4/2013,3169.583333
9/5/2013,3394.25
9/6/2013,3148.333333
9/7/2013,3065.791667
9/8/2013,3407.375
9/9/2013,3944.416667
9/10/2013,4199.916667
9/11/2013,4080.125
9/12/2013,3699.375
9/13/2013,2849.291667
9/14/2013,2445.375
9/15/2013,2441.833333
9/16/2013,2855.666667
9/17/2013,2838
9/18/2013,2965.25
9/19/2013,3192.5
9/20/2013,3407.291667
9/21/2013,2801.333333
9/22/2013,2433
9/23/2013,2707.833333
9/24/2013,2738.708333
9/25/2013,2806.375
9/26/2013,2834.791667
9/27/2013,2863.041667
9/28/2013,2652.708333
9/29/2013,2488.875
9/30/2013,2839.666667
10/1/2013,2964.125
10/2/2013,3044.375
10/3/2013,3220.458333
10/4/2013,3257.458333
10/5/2013,2989.541667
10/6/2013,2703.416667
10/7/2013,2643.125
10/8/2013,2655.541667
10/9/2013,2659.958333
10/10/2013,2678.833333
10/11/2013,2723.166667
10/12/2013,2584.5
10/13/2013,2499.625
10/14/2013,2724.416667
10/15/2013,2824.416667
10/16/2013,2804.875
10/17/2013,2706.125
10/18/2013,2659.375
10/19/2013,2495.458333
10/20/2013,2470.208333
10/21/2013,2731.458333
10/22/2013,2744
10/23/2013,2921.25
10/24/2013,3018.166667
10/25/2013,2939.416667
10/26/2013,2779
10/27/2013,2559.166667
10/28/2013,2867.75
10/29/2013,2838.958333
10/30/2013,2803.958333
10/31/2013,2784.125
11/1/2013,2679.125
11/2/2013,2511.916667
11/3/2013,2541.130435
11/4/2013,2821.333333
11/5/2013,2766.75
11/6/2013,2795.541667
11/7/2013,2832.625
11/8/2013,2903.75
11/9/2013,2624.916667
11/10/2013,2529.875
11/11/2013,2954.291667
11/12/2013,3120.5
11/13/2013,3238.458333
11/14/2013,3083.375
11/15/2013,2927.25
11/16/2013,2596.916667
11/17/2013,2462.083333
11/18/2013,2778.791667
11/19/2013,3052.791667
11/20/2013,3086.541667
11/21/2013,2931.125
11/22/2013,2885.5
11/23/2013,2967.291667
11/24/2013,3223.25
11/25/2013,3444.458333
11/26/2013,3332.125
11/27/2013,3411
11/28/2013,3030.5
11/29/2013,3013.083333
11/30/2013,2869.75
12/1/2013,2744.75
12/2/2013,2962.666667
12/3/2013,2995.208333
12/4/2013,2956.791667
12/5/2013,2956.5
12/6/2013,3385.416667
12/7/2013,3248.333333
12/8/2013,3358.333333
12/9/2013,3474.5
12/10/2013,3553.625
12/11/2013,3644.583333
12/12/2013,3773.375
12/13/2013,3534.333333
12/14/2013,3212.208333
12/15/2013,3264.291667
12/16/2013,3470.75
12/17/2013,3469.583333
12/18/2013,3452.875
12/19/2013,3224.458333
12/20/2013,2976.666667
12/21/2013,2711.541667
12/22/2013,2561.583333
12/23/2013,3099.291667
12/24/2013,3308.791667
12/25/2013,3118.833333
12/26/2013,3103
12/27/2013,3098.708333
12/28/2013,2841.708333
12/29/2013,2806.833333
12/30/2013,3271.666667
12/31/2013,3262.833333
1/1/2014,2965.666667
1/2/2014,3419.5
1/3/2014,3856.833333
1/4/2014,3436.208333
1/5/2014,3105.625
1/6/2014,4281.5
1/7/2014,4498.375
1/8/2014,3955.583333
1/9/2014,3583.5
1/10/2014,3268.666667
1/11/2014,2910.166667
1/12/2014,2963.958333
1/13/2014,3134
1/14/2014,3054.666667
1/15/2014,3452.875
1/16/2014,3672.458333
1/17/2014,3586.708333
1/18/2014,3581
1/19/2014,3205.791667
1/20/2014,3239.125
1/21/2014,3731.708333
1/22/2014,4260.916667
1/23/2014,4227.333333
1/24/2014,4256.125
1/25/2014,3679.958333
1/26/2014,3540.375
1/27/2014,3900.541667
1/28/2014,4434.333333
1/29/2014,4239.291667
1/30/2014,3909.25
1/31/2014,3375.375
2/1/2014,2990.791667
2/2/2014,3030.25
2/3/2014,3438.5
2/4/2014,3651.708333
2/5/2014,3564.083333
2/6/2014,3694.458333
2/7/2014,3931.333333
2/8/2014,3638.708333
2/9/2014,3367.041667
2/10/2014,3786.541667
2/11/2014,4035.291667
2/12/2014,3914.125
2/13/2014,3558.708333
2/14/2014,3411.541667
2/15/2014,3356.583333
2/16/2014,3289.166667
2/17/2014,3631.125
2/18/2014,3222.333333
2/19/2014,3059.416667
2/20/2014,3077.625
2/21/2014,2992.5
2/22/2014,2827
2/23/2014,2940.875
2/24/2014,3387.291667
2/25/2014,3474.625
2/26/2014,3656.541667
2/27/2014,3725.958333
2/28/2014,3629.125
3/1/2014,3026.166667
3/2/2014,3189.333333
3/3/2014,3728.5
3/4/2014,3618.583333
3/5/2014,3448.166667
3/6/2014,3346.291667
3/7/2014,3045.75
3/8/2014,2780.416667
3/9/2014,2803.695652
3/10/2014,2979.791667
3/11/2014,2822.958333
3/12/2014,3043.333333
3/13/2014,3396.708333
3/14/2014,3029.083333
3/15/2014,2620.458333
3/16/2014,2965.458333
3/17/2014,3315.583333
3/18/2014,3062.333333
3/19/2014,2989.291667
3/20/2014,2986.458333
3/21/2014,2780.208333
3/22/2014,2539.625
3/23/2014,2708.833333
3/24/2014,3179.083333
3/25/2014,3235.75
3/26/2014,3291.708333
3/27/2014,3166.875
3/28/2014,2762.666667
3/29/2014,2831.75
3/30/2014,2732.958333
3/31/2014,2853.333333
4/1/2014,2703.25
4/2/2014,2715.541667
4/3/2014,2827.416667
4/4/2014,2747.458333
4/5/2014,2632.083333
4/6/2014,2549.083333
4/7/2014,2835.916667
4/8/2014,2789.75
4/9/2014,2776.208333
4/10/2014,2779.083333
4/11/2014,2663.875
4/12/2014,2474.083333
4/13/2014,2458.166667
4/14/2014,2748.333333
4/15/2014,2933.833333
4/16/2014,3025.208333
4/17/2014,2815.541667
4/18/2014,2560.041667
4/19/2014,2356.083333
4/20/2014,2289.125
4/21/2014,2626.75
4/22/2014,2658.125
4/23/2014,2677.916667
4/24/2014,2683.875
4/25/2014,2641.833333
4/26/2014,2431.958333
4/27/2014,2335.916667
4/28/2014,2669.291667
4/29/2014,2704
4/30/2014,2637.25
5/1/2014,2598
5/2/2014,2617.708333
5/3/2014,2418.208333
5/4/2014,2352.375
5/5/2014,2643.833333
5/6/2014,2696.375
5/7/2014,2926.25
5/8/2014,3158.666667
5/9/2014,2971.083333
5/10/2014,2611.875
5/11/2014,2635.75
5/12/2014,3292.541667
5/13/2014,3449.916667
5/14/2014,3071.666667
5/15/2014,2725.833333
5/16/2014,2660.541667
5/17/2014,2460.208333
5/18/2014,2390
5/19/2014,2667.625
5/20/2014,2819.833333
5/21/2014,3099.416667
5/22/2014,3128.25
5/23/2014,2876.375
5/24/2014,2592.5
5/25/2014,2599
5/26/2014,2888.958333
5/27/2014,3565.5
5/28/2014,3608.75
5/29/2014,3481.791667
5/30/2014,3347.208333
5/31/2014,3081.083333
6/1/2014,3151.5
6/2/2014,3527.333333
6/3/2014,3653.791667
6/4/2014,3300.875
6/5/2014,3129.875
6/6/2014,3074.833333
6/7/2014,2916.625
6/8/2014,2738
6/9/2014,2942.916667
6/10/2014,3051.958333
6/11/2014,3104.333333
6/12/2014,3111.875
6/13/2014,3068.291667
6/14/2014,2651.875
6/15/2014,2881.875
6/16/2014,3726.5
6/17/2014,3942.5
6/18/2014,4067.625
6/19/2014,3807
6/20/2014,3531.75
6/21/2014,3360.666667
6/22/2014,3364.375
6/23/2014,3913.25
6/24/2014,3776.5
6/25/2014,3662.75
6/26/2014,3705.333333
6/27/2014,3777.5
6/28/2014,3442.166667
6/29/2014,3377.666667
6/30/2014,3821.791667
7/1/2014,4087.916667
7/2/2014,3688.333333
7/3/2014,3076.916667
7/4/2014,2576.083333
7/5/2014,2689.416667
7/6/2014,2850.333333
7/7/2014,3578.666667
7/8/2014,3592.916667
7/9/2014,3550.958333
7/10/2014,3457.75
7/11/2014,3450.125
7/12/2014,3346.458333
7/13/2014,3506.5
7/14/2014,3586.166667
7/15/2014,3158.666667
7/16/2014,2916.583333
7/17/2014,2924
7/18/2014,2872.166667
7/19/2014,2686.291667
7/20/2014,2917.458333
7/21/2014,3586.041667
7/22/2014,3912.5
7/23/2014,3652.125
7/24/2014,3181.916667
7/25/2014,3084.666667
7/26/2014,3200.75
7/27/2014,3140.208333
7/28/2014,3072
7/29/2014,2848.416667
7/30/2014,3070.75
7/31/2014,3322.375
8/1/2014,3376.291667
8/2/2014,3107.083333
8/3/2014,3039.791667
8/4/2014,3481.541667
8/5/2014,3449.791667
8/6/2014,3520.666667
8/7/2014,3352.333333
8/8/2014,3165.083333
8/9/2014,3095.25
8/10/2014,3286.958333
8/11/2014,3681.416667
8/12/2014,3346.208333
8/13/2014,3177.916667
8/14/2014,3300.25
8/15/2014,3008.458333
8/16/2014,2685.916667
8/17/2014,2911.958333
8/18/2014,3573.25
8/19/2014,3845.75
8/20/2014,3741.583333
8/21/2014,3532.083333
8/22/2014,3647.083333
8/23/2014,3650.5
8/24/2014,3633.75
8/25/2014,3968.125
8/26/2014,3967.125
8/27/2014,4070.875
8/28/2014,3867.625
8/29/2014,3722.958333
8/30/2014,3458.875
8/31/2014,3173.625
9/1/2014,3350.916667
9/2/2014,3490.833333
9/3/2014,3574.875
9/4/2014,3805.291667
9/5/2014,4031.625
9/6/2014,3310.791667
9/7/2014,2802
9/8/2014,3168.25
9/9/2014,3318.25
9/10/2014,3474.75
9/11/2014,3232.166667
9/12/2014,2724
9/13/2014,2451.958333
9/14/2014,2372.291667
9/15/2014,2713.25
9/16/2014,2714.75
9/17/2014,2734.958333
9/18/2014,2798.166667
9/19/2014,2761.25
9/20/2014,2720.375
9/21/2014,2790
9/22/2014,2708.5
9/23/2014,2760.333333
9/24/2014,2831.166667
9/25/2014,2909.708333
9/26/2014,2955.5
9/27/2014,2732.416667
9/28/2014,2702.75
9/29/2014,3174.25
9/30/2014,2964.208333
10/1/2014,2810.208333
10/2/2014,3041.375
10/3/2014,2913.541667
10/4/2014,2402.458333
10/5/2014,2390.708333
10/6/2014,2692.333333
10/7/2014,2760.666667
10/8/2014,2762.416667
10/9/2014,2757.291667
10/10/2014,2728.541667
10/11/2014,2487.041667
10/12/2014,2450.041667
10/13/2014,2822.666667
10/14/2014,2847.5
10/15/2014,2748.708333
10/16/2014,2740.208333
10/17/2014,2704
10/18/2014,2420.125
10/19/2014,2376.541667
10/20/2014,2724.958333
10/21/2014,2773.25
10/22/2014,2814.666667
10/23/2014,2796.083333
10/24/2014,2719.583333
10/25/2014,2483.791667
10/26/2014,2365.458333
10/27/2014,2770.75
10/28/2014,2765.291667
10/29/2014,2710.583333
10/30/2014,2767.166667
10/31/2014,2821.708333
11/1/2014,2836.875
11/2/2014,2680.64
11/3/2014,2824.875
11/4/2014,2748.333333
11/5/2014,2767.416667
11/6/2014,2858
11/7/2014,2904
11/8/2014,2730.416667
11/9/2014,2561.666667
11/10/2014,2852.958333
11/11/2014,2785.208333
11/12/2014,3069.625
11/13/2014,3246.5
11/14/2014,3271.708333
11/15/2014,3114.916667
11/16/2014,2927.25
11/17/2014,3350.291667
11/18/2014,3685.625
11/19/2014,3552.583333
11/20/2014,3436.708333
11/21/2014,3446.708333
11/22/2014,2997
11/23/2014,2641.375
11/24/2014,2885.958333
11/25/2014,3112.958333
11/26/2014,3273.416667
11/27/2014,2959.125
11/28/2014,3002.166667
11/29/2014,2793.583333
11/30/2014,2521.791667
12/1/2014,3047.041667
12/2/2014,3362
12/3/2014,3300.208333
12/4/2014,3446.916667
12/5/2014,3231.375
12/6/2014,2986.583333
12/7/2014,2976.458333
12/8/2014,3201.583333
12/9/2014,3207.375
12/10/2014,3358.625
12/11/2014,3372.333333
12/12/2014,3327.75
12/13/2014,3029.708333
12/14/2014,2808.541667
12/15/2014,3031.583333
12/16/2014,3079.958333
12/17/2014,3384.125
12/18/2014,3483.708333
12/19/2014,3442.5
12/20/2014,3204.666667
12/21/2014,3107.916667
12/22/2014,3199.666667
12/23/2014,2924.041667
12/24/2014,2642.5
12/25/2014,2690.541667
12/26/2014,2879.208333
12/27/2014,2729.75
12/28/2014,2825.375
12/29/2014,3181.208333
12/30/2014,3264.166667
12/31/2014,3386.583333
1/1/2015,3145.833333
1/2/2015,3115.75
1/3/2015,2881.75
1/4/2015,2751.458333
1/5/2015,3680
1/6/2015,3695.666667
1/7/2015,4082.416667
1/8/2015,4360.208333
1/9/2015,3943.75
1/10/2015,3835.708333
1/11/2015,3399.833333
1/12/2015,3439.166667
1/13/2015,3632.083333
1/14/2015,3712.958333
1/15/2015,3501.041667
1/16/2015,3382.666667
1/17/2015,3059.041667
1/18/2015,2867.125
1/19/2015,3126.333333
1/20/2015,3074.375
1/21/2015,3110.125
1/22/2015,3287.25
1/23/2015,3218.708333
1/24/2015,3040.125
1/25/2015,2971.5
1/26/2015,3511.875
1/27/2015,3602.375
1/28/2015,3647.5
1/29/2015,3386.083333
1/30/2015,3395.333333
1/31/2015,3302.166667
2/1/2015,3002.416667
2/2/2015,3515.791667
2/3/2015,3522.958333
2/4/2015,3312.333333
2/5/2015,3632.541667
2/6/2015,3701.875
2/7/2015,2982.25
2/8/2015,2697.083333
2/9/2015,3262.875
2/10/2015,3503.541667
2/11/2015,3416.625
2/12/2015,3583.791667
2/13/2015,3584.666667
2/14/2015,3427.208333
2/15/2015,3698.875
2/16/2015,4088.916667
2/17/2015,4002.625
2/18/2015,3907.208333
2/19/2015,4335.125
2/20/2015,4233.083333
2/21/2015,3480.416667
2/22/2015,3311.333333
2/23/2015,3788.208333
2/24/2015,3987.875
2/25/2015,3476.041667
2/26/2015,3631.25
2/27/2015,3767.083333
2/28/2015,3559.708333
3/1/2015,3271
3/2/2015,3422.083333
3/3/2015,3406.75
3/4/2015,3365.416667
3/5/2015,3626.833333
3/6/2015,3744.416667
3/7/2015,3215.791667
3/8/2015,2821.913043
3/9/2015,3012.166667
3/10/2015,3012.791667
3/11/2015,2891.625
3/12/2015,2902.958333
3/13/2015,2914.916667
3/14/2015,2614.458333
3/15/2015,2568.083333
3/16/2015,2782.708333
3/17/2015,2747.166667
3/18/2015,2986.041667
3/19/2015,2957.083333
3/20/2015,2945.25
3/21/2015,2598
3/22/2015,2589.541667
3/23/2015,3065.791667
3/24/2015,3116.166667
3/25/2015,2853.416667
3/26/2015,2916.583333
3/27/2015,3138.791667
3/28/2015,3034.416667
3/29/2015,2924.458333
3/30/2015,2866.583333
3/31/2015,2777.083333
4/1/2015,2763.041667
4/2/2015,2746.333333
4/3/2015,2587.375
4/4/2015,2511.416667
4/5/2015,2413.375
4/6/2015,2714.625
4/7/2015,2764.291667
4/8/2015,2761.958333
4/9/2015,2799.875
4/10/2015,2657.291667
4/11/2015,2460.833333
4/12/2015,2422.583333
4/13/2015,2762.041667
4/14/2015,2667.875
4/15/2015,2709.416667
4/16/2015,2719.458333
4/17/2015,2731.708333
4/18/2015,2500.666667
4/19/2015,2431.208333
4/20/2015,2647.291667
4/21/2015,2677.208333
4/22/2015,2701.25
4/23/2015,2795.208333
4/24/2015,2761.958333
4/25/2015,2554.458333
4/26/2015,2456
4/27/2015,2736.916667
4/28/2015,2735
4/29/2015,2707.5
4/30/2015,2685.708333
5/1/2015,2639.375
5/2/2015,2443.125
5/3/2015,2435.916667
5/4/2015,2865.375
5/5/2015,3062.875
5/6/2015,3181.5
5/7/2015,3309.75
5/8/2015,3382.458333
5/9/2015,3150.958333
5/10/2015,3041.25
5/11/2015,3397.833333
5/12/2015,2866.916667
5/13/2015,2700.25
5/14/2015,2705.208333
5/15/2015,2967.75
5/16/2015,2826.541667
5/17/2015,3020.416667
5/18/2015,3263.875
5/19/2015,2943.291667
5/20/2015,2673.208333
5/21/2015,2652.291667
5/22/2015,2675.166667
5/23/2015,2519.041667
5/24/2015,2648.583333
5/25/2015,2770.208333
5/26/2015,3240.625
5/27/2015,3370.041667
5/28/2015,3343.166667
5/29/2015,3468.041667
5/30/2015,3293.083333
5/31/2015,2741.916667
6/1/2015,2633.5
6/2/2015,2615.25
6/3/2015,2765.25
6/4/2015,3113.708333
6/5/2015,3276.291667
6/6/2015,2926.208333
6/7/2015,3042.625
6/8/2015,3370.25
6/9/2015,3190
6/10/2015,3560.375
6/11/2015,3894.916667
6/12/2015,3921.416667
6/13/2015,3660.625
6/14/2015,3761.708333
6/15/2015,4080.041667
6/16/2015,3887.708333
6/17/2015,3629.5
6/18/2015,3742.708333
6/19/2015,3318.416667
6/20/2015,3093.75
6/21/2015,3349.583333
6/22/2015,3887
6/23/2015,4075.958333
6/24/2015,3561.541667
6/25/2015,3451.166667
6/26/2015,3456.708333
6/27/2015,2720.791667
6/28/2015,2604.875
6/29/2015,3056.583333
6/30/2015,3086.666667
7/1/2015,3178.208333
7/2/2015,3187.333333
7/3/2015,2839.833333
7/4/2015,2832.833333
7/5/2015,2817.125
7/6/2015,3492.541667
7/7/2015,3622.5
7/8/2015,3190
7/9/2015,3440.916667
7/10/2015,3168.75
7/11/2015,3042.125
7/12/2015,3163.625
7/13/2015,3292.208333
7/14/2015,3648.958333
7/15/2015,3508.166667
7/16/2015,3449.125
7/17/2015,3833.208333
7/18/2015,3775.583333
7/19/2015,3647.916667
7/20/2015,3966.958333
7/21/2015,3923
7/22/2015,3481.125
7/23/2015,3493.5
7/24/2015,3608.416667
7/25/2015,3461.25
7/26/2015,3494.5
7/27/2015,3798.791667
7/28/2015,4113.958333
7/29/2015,4117.875
7/30/2015,3801.25
7/31/2015,3665.791667
8/1/2015,3356.791667
8/2/2015,3367.75
8/3/2015,3594.041667
8/4/2015,3576.25
8/5/2015,3634.958333
8/6/2015,3191.5
8/7/2015,3246.666667
8/8/2015,3242.708333
8/9/2015,3299.041667
8/10/2015,3760.916667
8/11/2015,3575.958333
8/12/2015,3350.458333
8/13/2015,3364.5
8/14/2015,3483.541667
8/15/2015,3330.5
8/16/2015,3457.791667
8/17/2015,3754.916667
8/18/2015,3773.916667
8/19/2015,3780.75
8/20/2015,3430.666667
8/21/2015,3203.541667
8/22/2015,2965.75
8/23/2015,3210.166667
8/24/2015,3308.666667
8/25/2015,2944.25
8/26/2015,2964.083333
8/27/2015,3040
8/28/2015,3072.583333
8/29/2015,3174.5
8/30/2015,3331.375
8/31/2015,3747.208333
9/1/2015,3848.541667
9/2/2015,3909.041667
9/3/2015,4001.125
9/4/2015,3909.25
9/5/2015,3456.916667
9/6/2015,3398.458333
9/7/2015,3619.625
9/8/2015,3970.083333
9/9/2015,3603.333333
9/10/2015,3505.541667
9/11/2015,3099.458333
9/12/2015,2553.291667
9/13/2015,2407.791667
9/14/2015,2771.208333
9/15/2015,2971.625
9/16/2015,3108.166667
9/17/2015,3190.041667
9/18/2015,3181
9/19/2015,2897.708333
9/20/2015,2519.666667
9/21/2015,2860.875
9/22/2015,2954.958333
9/23/2015,3062.958333
9/24/2015,3109.25
9/25/2015,2916.416667
9/26/2015,2626.541667
9/27/2015,2713.25
9/28/2015,3277.125
9/29/2015,3186.416667
9/30/2015,2832.708333
10/1/2015,2649.333333
10/2/2015,2612.958333
10/3/2015,2530.125
10/4/2015,2462.916667
10/5/2015,2854.666667
10/6/2015,2885.5
10/7/2015,2975.75
10/8/2015,2945.833333
10/9/2015,2848.208333
10/10/2015,2455.416667
10/11/2015,2391.291667
10/12/2015,2779.541667
10/13/2015,2740.625
10/14/2015,2699.708333
10/15/2015,2742.916667
10/16/2015,2666.791667
10/17/2015,2517.541667
10/18/2015,2551.666667
10/19/2015,2764.833333
10/20/2015,2708.541667
10/21/2015,2745.25
10/22/2015,2811.375
10/23/2015,2771.583333
10/24/2015,2560.125
10/25/2015,2336.875
10/26/2015,2687.291667
10/27/2015,2721.333333
10/28/2015,2771.25
10/29/2015,2732.666667
10/30/2015,2741.833333
10/31/2015,2538.75
11/1/2015,2389.96
11/2/2015,2689.625
11/3/2015,2746.625
11/4/2015,2778.083333
11/5/2015,2823.125
11/6/2015,2752.583333
11/7/2015,2478.333333
11/8/2015,2517.833333
11/9/2015,2873.708333
11/10/2015,2834.5
11/11/2015,2873.875
11/12/2015,2797.958333
11/13/2015,2833.583333
11/14/2015,2706.166667
11/15/2015,2571.791667
11/16/2015,2818.416667
11/17/2015,2789.333333
11/18/2015,2814.458333
11/19/2015,2732.5
11/20/2015,2883.791667
11/21/2015,2760.166667
11/22/2015,2889.458333
11/23/2015,3183.291667
11/24/2015,3034.541667
11/25/2015,2187.416667
11/26/2015,2411.375
11/27/2015,2413.083333
11/28/2015,2521.916667
11/29/2015,2686.375
11/30/2015,2998.708333
12/1/2015,2887.291667
12/2/2015,3050.041667
12/3/2015,3206.666667
12/4/2015,3261.416667
12/5/2015,3008.166667
12/6/2015,2909.25
12/7/2015,2989.416667
12/8/2015,2915.375
12/9/2015,2954.625
12/10/2015,2972.5
12/11/2015,2845.416667
12/12/2015,2607
12/13/2015,2516
12/14/2015,2825.625
12/15/2015,2927.291667
12/16/2015,2974.166667
12/17/2015,2989.166667
12/18/2015,3257.875
12/19/2015,3086.541667
12/20/2015,3012
12/21/2015,3028.375
12/22/2015,2815.125
12/23/2015,2785.583333
12/24/2015,2455.083333
12/25/2015,2356.958333
12/26/2015,2534.166667
12/27/2015,2502.416667
12/28/2015,3024.833333
12/29/2015,2868.041667
12/30/2015,2961.375
12/31/2015,3023.666667
1/1/2016,2848.291667
1/2/2016,2914.166667
1/3/2016,2960.916667
1/4/2016,3263.583333
1/5/2016,3479.791667
1/6/2016,3420.583333
1/7/2016,3279.625
1/8/2016,3057.583333
1/9/2016,2703.791667
1/10/2016,3082.166667
1/11/2016,3784.791667
1/12/2016,3593.416667
1/13/2016,3891.958333
1/14/2016,3348.5
1/15/2016,3100.041667
1/16/2016,3122.583333
1/17/2016,3308.708333
1/18/2016,4015.25
1/19/2016,3961.958333
1/20/2016,3882.791667
1/21/2016,3703.375
1/22/2016,3723.958333
1/23/2016,3414.75
1/24/2016,3311.458333
1/25/2016,3339.375
1/26/2016,3197.458333
1/27/2016,3440.583333
1/28/2016,3332.208333
1/29/2016,3201.791667
1/30/2016,2870.833333
1/31/2016,2605.208333
2/1/2016,2841.208333
2/2/2016,3038.583333
2/3/2016,2848.458333
2/4/2016,3265.583333
2/5/2016,3304.541667
2/6/2016,3006.25
2/7/2016,2866.666667
2/8/2016,3140.083333
2/9/2016,3566.625
2/10/2016,3791.583333
2/11/2016,3733.125
2/12/2016,3681.458333
2/13/2016,3577.208333
2/14/2016,3629.958333
2/15/2016,3511.541667
2/16/2016,3360.875
2/17/2016,3387.041667
2/18/2016,3253.5
2/19/2016,2969.5
2/20/2016,2543.583333
2/21/2016,2468.75
2/22/2016,2925.25
2/23/2016,2966.083333
2/24/2016,2941.041667
2/25/2016,3326.958333
2/26/2016,3280.541667
2/27/2016,2847.791667
2/28/2016,2610.083333
2/29/2016,2828.5
3/1/2016,3017.25
3/2/2016,3227.208333
3/3/2016,3324.875
3/4/2016,3220.541667
3/5/2016,3029.333333
3/6/2016,2750.208333
3/7/2016,2849.541667
3/8/2016,2740.5
3/9/2016,2687.583333
3/10/2016,2756.541667
3/11/2016,2725.041667
3/12/2016,2530.875
3/13/2016,2456.956522
3/14/2016,2731.083333
3/15/2016,2712.416667
3/16/2016,2709.125
3/17/2016,2700
3/18/2016,2731.083333
3/19/2016,2670.5
3/20/2016,2694.791667
3/21/2016,2941.416667
3/22/2016,2884.75
3/23/2016,2761.625
3/24/2016,2726.958333
3/25/2016,2630.291667
3/26/2016,2219.25
3/27/2016,2366.25
3/28/2016,2656.541667
3/29/2016,2772.291667
3/30/2016,2747.458333
3/31/2016,2656.75
4/1/2016,2507
4/2/2016,2496.125
4/3/2016,2610.416667
4/4/2016,2741.041667
4/5/2016,2901.25
4/6/2016,2905.583333
4/7/2016,2932.416667
4/8/2016,2957.458333
4/9/2016,2881
4/10/2016,2736.458333
4/11/2016,2819.833333
4/12/2016,2795.041667
4/13/2016,2835.833333
4/14/2016,2783.041667
4/15/2016,2703.958333
4/16/2016,2467.291667
4/17/2016,2438.708333
4/18/2016,2813.75
4/19/2016,2821.583333
4/20/2016,2844.958333
4/21/2016,2839.25
4/22/2016,2678.375
4/23/2016,2408.875
4/24/2016,2375.083333
4/25/2016,2814.708333
4/26/2016,2969.125
4/27/2016,2748.5
4/28/2016,2820.041667
4/29/2016,2685.333333
4/30/2016,2441.791667
5/1/2016,2524.416667
5/2/2016,2725.416667
5/3/2016,2622.125
5/4/2016,2626.833333
5/5/2016,2705.125
5/6/2016,2663.541667
5/7/2016,2456.208333
5/8/2016,2308.125
5/9/2016,2689.916667
5/10/2016,2754.791667
5/11/2016,2901.333333
5/12/2016,2990.291667
5/13/2016,2745.708333
5/14/2016,2449.208333
5/15/2016,2366.458333
5/16/2016,2688.375
5/17/2016,2699
5/18/2016,2724.333333
5/19/2016,2701.666667
5/20/2016,2670.916667
5/21/2016,2447.583333
5/22/2016,2427.958333
5/23/2016,2815.083333
5/24/2016,2945.75
5/25/2016,3073.041667
5/26/2016,3220.416667
5/27/2016,3316.833333
5/28/2016,3183.25
5/29/2016,3057.208333
5/30/2016,3188.75
5/31/2016,3552.916667
6/1/2016,3591.375
6/2/2016,3369.708333
6/3/2016,3432.125
6/4/2016,3094.5
6/5/2016,2949.958333
6/6/2016,3353.583333
6/7/2016,3103.416667
6/8/2016,2928.083333
6/9/2016,3059.708333
6/10/2016,3125.875
6/11/2016,3409.291667
6/12/2016,3587.291667
6/13/2016,3390.291667
6/14/2016,3548.958333
6/15/2016,3669.291667
6/16/2016,3656.833333
6/17/2016,3441.208333
6/18/2016,3229.5
6/19/2016,3287.25
6/20/2016,3940.708333
6/21/2016,3914.916667
6/22/2016,3222.166667
6/23/2016,3719.875
6/24/2016,3683.625
6/25/2016,3456.083333
6/26/2016,3750.375
6/27/2016,4154.791667
6/28/2016,3819.833333
6/29/2016,3218.166667
6/30/2016,3281.541667
7/1/2016,3289.125
7/2/2016,2786.791667
7/3/2016,2526.583333
7/4/2016,2620.208333
7/5/2016,3469.875
7/6/2016,3671.583333
7/7/2016,3679.708333
7/8/2016,3610.291667
7/9/2016,3342.125
7/10/2016,3208.041667
7/11/2016,3726.791667
7/12/2016,3800.541667
7/13/2016,4089.666667
7/14/2016,3821.041667
7/15/2016,3774.791667
7/16/2016,3377.875
7/17/2016,3449.083333
7/18/2016,3739.916667
7/19/2016,3918.333333
7/20/2016,4005.125
7/21/2016,4124.5
7/22/2016,4026.666667
7/23/2016,3945.083333
7/24/2016,4122.916667
7/25/2016,4503.458333
7/26/2016,4074.833333
7/27/2016,4114.375
7/28/2016,3933.458333
7/29/2016,3902.583333
7/30/2016,3585.333333
7/31/2016,3592.75
8/1/2016,3800.875
8/2/2016,3904.833333
8/3/2016,4060.458333
8/4/2016,4148.5
8/5/2016,4172.708333
8/6/2016,3791.166667
8/7/2016,3427.833333
8/8/2016,3750.291667
8/9/2016,3938.416667
8/10/2016,4007.458333
8/11/2016,4310.041667
8/12/2016,4332
8/13/2016,3905.916667
8/14/2016,3487.541667
8/15/2016,3710.666667
8/16/2016,3666.416667
8/17/2016,3629.583333
8/18/2016,3792.791667
8/19/2016,3877.375
8/20/2016,3430.791667
8/21/2016,3156.583333
8/22/2016,3243.25
8/23/2016,3377.875
8/24/2016,3593
8/25/2016,4194.25
8/26/2016,4193.125
8/27/2016,3655.791667
8/28/2016,3683.25
8/29/2016,3961.25
8/30/2016,4018.625
8/31/2016,3887.583333
9/1/2016,3434.5
9/2/2016,3135.958333
9/3/2016,2883.583333
9/4/2016,2870.166667
9/5/2016,3217.416667
9/6/2016,3937.125
9/7/2016,4137.166667
9/8/2016,4118.416667
9/9/2016,3899.416667
9/10/2016,3628.166667
9/11/2016,2857.708333
9/12/2016,3183.708333
9/13/2016,3289.583333
9/14/2016,3416.916667
9/15/2016,3359.833333
9/16/2016,3455.833333
9/17/2016,3198.125
9/18/2016,3251.458333
9/19/2016,3529.25
9/20/2016,3499.416667
9/21/2016,3551.666667
9/22/2016,3637.75
9/23/2016,3735.25
9/24/2016,3358.25
9/25/2016,3173.916667
9/26/2016,3079.5
9/27/2016,2819.875
9/28/2016,2745.666667
9/29/2016,2705.833333
9/30/2016,2697
10/1/2016,2473.208333
10/2/2016,2467.75
10/3/2016,2754.833333
10/4/2016,2854.625
10/5/2016,3043.625
10/6/2016,3181.958333
10/7/2016,3064.541667
10/8/2016,2551.75
10/9/2016,2354.208333
10/10/2016,2688.208333
10/11/2016,2700.458333
10/12/2016,2810.375
10/13/2016,2748.958333
10/14/2016,2647.75
10/15/2016,2525.083333
10/16/2016,2623.666667
10/17/2016,3094.208333
10/18/2016,3187.166667
10/19/2016,3160.875
10/20/2016,2884.375
10/21/2016,2624.083333
10/22/2016,2429.5
10/23/2016,2419.166667
10/24/2016,2663.916667
10/25/2016,2711.125
10/26/2016,2734.75
10/27/2016,2700.291667
10/28/2016,2678.75
10/29/2016,2507.125
10/30/2016,2489.375
10/31/2016,2649.291667
11/1/2016,2813.5
11/2/2016,2874.875
11/3/2016,2845.083333
11/4/2016,2668.833333
11/5/2016,2515.791667
11/6/2016,2461.4
11/7/2016,2686.25
11/8/2016,2721
11/9/2016,2783
11/10/2016,2846.791667
11/11/2016,2724.791667
11/12/2016,2650.125
11/13/2016,2660.666667
11/14/2016,2918.625
11/15/2016,2896.5
11/16/2016,2831.375
11/17/2016,2833.125
11/18/2016,2712.958333
11/19/2016,2708.458333
11/20/2016,2867.625
11/21/2016,3061.583333
11/22/2016,3161.958333
11/23/2016,3009.833333
11/24/2016,2485.291667
11/25/2016,2626.791667
11/26/2016,2699
11/27/2016,2770.416667
11/28/2016,2960.791667
11/29/2016,2811.791667
11/30/2016,2804.75
12/1/2016,3032.125
12/2/2016,3110.208333
12/3/2016,2904.541667
12/4/2016,2862.75
12/5/2016,3019.791667
12/6/2016,3113
12/7/2016,3166.833333
12/8/2016,3416.25
12/9/2016,3563.625
12/10/2016,3314.708333
12/11/2016,3096.791667
12/12/2016,3188.25
12/13/2016,3390.416667
12/14/2016,3632.458333
12/15/2016,3997.041667
12/16/2016,3862.041667
12/17/2016,3074.291667
12/18/2016,3286.25
12/19/2016,3792.5
12/20/2016,3702.375
12/21/2016,3453.958333
12/22/2016,3311.666667
12/23/2016,3247.75
12/24/2016,2762.583333
12/25/2016,2623.416667
12/26/2016,2556.416667
12/27/2016,2835.166667
12/28/2016,3091.833333
12/29/2016,3011.25
12/30/2016,3088.583333
12/31/2016,2974.958333
1/1/2017,2744.333333
1/2/2017,2721.583333
1/3/2017,2822.541667
1/4/2017,3288.75
1/5/2017,3665.791667
1/6/2017,3955.625
1/7/2017,3861.416667
1/8/2017,3648.958333
1/9/2017,3716.375
1/10/2017,3331.125
1/11/2017,3120.208333
1/12/2017,2883.25
1/13/2017,3207.208333
1/14/2017,3098.833333
1/15/2017,2994
1/16/2017,3049.125
1/17/2017,2863.291667
1/18/2017,3081.625
1/19/2017,3045.416667
1/20/2017,2864.458333
1/21/2017,2606.208333
1/22/2017,2512.958333
1/23/2017,2905.25
1/24/2017,3054.5
1/25/2017,3043.041667
1/26/2017,3200.458333
1/27/2017,3366.916667
1/28/2017,3182.666667
1/29/2017,3121.958333
1/30/2017,3421.416667
1/31/2017,3207.25
2/1/2017,3138.958333
2/2/2017,3278.958333
2/3/2017,3454.041667
2/4/2017,3321.083333
2/5/2017,2827.125
2/6/2017,2982.208333
2/7/2017,2798.166667
2/8/2017,2962.458333
2/9/2017,3479.208333
2/10/2017,3419.125
2/11/2017,2652
2/12/2017,2484.125
2/13/2017,2986.916667
2/14/2017,2953.75
2/15/2017,3009.625
2/16/2017,3215.666667
2/17/2017,2892.541667
2/18/2017,2562.75
2/19/2017,2467.458333
2/20/2017,2764.666667
2/21/2017,2740.541667
2/22/2017,2733.75
2/23/2017,2712.625
2/24/2017,2682.75
2/25/2017,2699.666667
2/26/2017,2817.208333
2/27/2017,2969.708333
2/28/2017,2959.708333
3/1/2017,2749.666667
3/2/2017,3029.875
3/3/2017,3098.375
3/4/2017,2968.291667
3/5/2017,2695.958333
3/6/2017,2788.958333
3/7/2017,2763.083333
3/8/2017,2836.125
3/9/2017,2784.708333
3/10/2017,2894.083333
3/11/2017,2971.791667
3/12/2017,2920.347826
3/13/2017,3190.083333
3/14/2017,3430.125
3/15/2017,3508.5
3/16/2017,3307.25
3/17/2017,3233.75
3/18/2017,2862.25
3/19/2017,2752.625
3/20/2017,3025.125
3/21/2017,2798.458333
3/22/2017,3020.916667
3/23/2017,3042.291667
3/24/2017,2736.291667
3/25/2017,2464.291667
3/26/2017,2391.791667
3/27/2017,2686
3/28/2017,2720.333333
3/29/2017,2709.75
3/30/2017,2721.166667
3/31/2017,2662.833333
4/1/2017,2596.541667
4/2/2017,2522.458333
4/3/2017,2697.541667
4/4/2017,2681.791667
4/5/2017,2714.291667
4/6/2017,2800.166667
4/7/2017,2879.208333
4/8/2017,2555.75
4/9/2017,2401.916667
4/10/2017,2710
4/11/2017,2668.583333
4/12/2017,2638.791667
4/13/2017,2658.333333
4/14/2017,2556.916667
4/15/2017,2523.125
4/16/2017,2506.125
4/17/2017,2681.75
4/18/2017,2678.083333
4/19/2017,2914.333333
4/20/2017,3033.083333
4/21/2017,2650.916667
4/22/2017,2395.291667
4/23/2017,2375.625
4/24/2017,2692.625
4/25/2017,2790.916667
4/26/2017,2991.916667
4/27/2017,2832.5
4/28/2017,2649.416667
4/29/2017,2631.833333
4/30/2017,2741.916667
5/1/2017,2776.958333
5/2/2017,2588.958333
5/3/2017,2623.5
5/4/2017,2690.458333
5/5/2017,2718.583333
5/6/2017,2461.75
5/7/2017,2380.916667
5/8/2017,2703.916667
5/9/2017,2678.416667
5/10/2017,2843.583333
5/11/2017,2853.166667
5/12/2017,2603.125
5/13/2017,2433.625
5/14/2017,2505.833333
5/15/2017,2975.125
5/16/2017,3248.083333
5/17/2017,3403.833333
5/18/2017,3425.375
5/19/2017,3357.875
5/20/2017,2819.875
5/21/2017,2764.458333
5/22/2017,2777.083333
5/23/2017,2866.416667
5/24/2017,2844.041667
5/25/2017,2767.541667
5/26/2017,2874.041667
5/27/2017,3009.666667
5/28/2017,2757.875
5/29/2017,2786.208333
5/30/2017,3081.333333
5/31/2017,3032.125
6/1/2017,3012.125
6/2/2017,3069.5
6/3/2017,3027.5
6/4/2017,3103.166667
6/5/2017,3437.25
6/6/2017,3048.958333
6/7/2017,2746.333333
6/8/2017,2826.083333
6/9/2017,3042.041667
6/10/2017,3095
6/11/2017,3258.791667
6/12/2017,3840.125
6/13/2017,3698.583333
6/14/2017,3374
6/15/2017,3575.791667
6/16/2017,3802.416667
6/17/2017,3628.083333
6/18/2017,3484.625
6/19/2017,3500.041667
6/20/2017,3404.916667
6/21/2017,3641.75
6/22/2017,3709.875
6/23/2017,3375.166667
6/24/2017,2982.333333
6/25/2017,2721.375
6/26/2017,2930.75
6/27/2017,2880.791667
6/28/2017,3053.75
6/29/2017,3571.458333
6/30/2017,3703.25
7/1/2017,3288.791667
7/2/2017,3252.583333
7/3/2017,3467.291667
7/4/2017,3371
7/5/2017,3577.5
7/6/2017,3444.75
7/7/2017,3494.416667
7/8/2017,3124.875
7/9/2017,3011.333333
7/10/2017,3630.75
7/11/2017,3494.166667
7/12/2017,3856.125
7/13/2017,3906.833333
7/14/2017,3854.041667
7/15/2017,3286
7/16/2017,3286.166667
7/17/2017,3810.291667
7/18/2017,4041
7/19/2017,4097.708333
7/20/2017,4034.208333
7/21/2017,3997.125
7/22/2017,3906.083333
7/23/2017,3473.916667
7/24/2017,3783.541667
7/25/2017,3458.916667
7/26/2017,3553.958333
7/27/2017,3727.75
7/28/2017,3635.416667
7/29/2017,3022.791667
7/30/2017,3060.708333
7/31/2017,3596.5
8/1/2017,3525.875
8/2/2017,3524.625
8/3/2017,3694.083333
8/4/2017,3426.083333
8/5/2017,2791.125
8/6/2017,2635.083333
8/7/2017,3004.291667
8/8/2017,3157.791667
8/9/2017,3219.125
8/10/2017,3438.875
8/11/2017,3430.25
8/12/2017,3229.416667
8/13/2017,3048.791667
8/14/2017,3405.541667
8/15/2017,3764.583333
8/16/2017,3985.041667
8/17/2017,4035.625
8/18/2017,3855.208333
8/19/2017,3490.833333
8/20/2017,3593.041667
8/21/2017,4020.083333
8/22/2017,3890.708333
8/23/2017,3361.458333
8/24/2017,3111.083333
8/25/2017,2988.541667
8/26/2017,2749.083333
8/27/2017,2772.541667
8/28/2017,3138.583333
8/29/2017,3146.166667
8/30/2017,3237.041667
8/31/2017,3330.375
9/1/2017,2713.75
9/2/2017,2361.541667
9/3/2017,2464.041667
9/4/2017,2943.958333
9/5/2017,3100.25
9/6/2017,2722.666667
9/7/2017,2658.541667
9/8/2017,2738.625
9/9/2017,2550.541667
9/10/2017,2429.25
9/11/2017,2704.958333
9/12/2017,2714.583333
9/13/2017,2753.208333
9/14/2017,2775.5
9/15/2017,2932.666667
9/16/2017,2873.541667
9/17/2017,2928.958333
9/18/2017,3304.625
9/19/2017,3170.833333
9/20/2017,3392.958333
9/21/2017,3671.083333
9/22/2017,3743.625
9/23/2017,3451.916667
9/24/2017,3269.833333
9/25/2017,3493.708333
9/26/2017,3615.041667
9/27/2017,3621.75
9/28/2017,2976.541667
9/29/2017,2720.333333
9/30/2017,2401.083333
10/1/2017,2300.458333
10/2/2017,2668.125
10/3/2017,2843.958333
10/4/2017,3018.333333
10/5/2017,2914.041667
10/6/2017,2965.708333
10/7/2017,2924.958333
10/8/2017,2618.416667
10/9/2017,2939.333333
10/10/2017,2895.833333
10/11/2017,2858.833333
10/12/2017,2727.791667
10/13/2017,2725.125
10/14/2017,2632.916667
10/15/2017,2616.5
10/16/2017,2575.291667
10/17/2017,2633.291667
10/18/2017,2642.625
10/19/2017,2635.666667
10/20/2017,2643.708333
10/21/2017,2400.708333
10/22/2017,2354.625
10/23/2017,2666.75
10/24/2017,2626.166667
10/25/2017,2712.833333
10/26/2017,2795.291667
10/27/2017,2656.458333
10/28/2017,2638.375
10/29/2017,2663.083333
10/30/2017,2995.041667
10/31/2017,2944.083333
11/1/2017,2995.541667
11/2/2017,2763.166667
11/3/2017,2649
11/4/2017,2522.208333
11/5/2017,2135.8
11/6/2017,2654.166667
11/7/2017,2841.583333
11/8/2017,2849.5
11/9/2017,2922
11/10/2017,3062
11/11/2017,2967.125
11/12/2017,2739.333333
11/13/2017,2989.083333
11/14/2017,2927.416667
11/15/2017,3034.25
11/16/2017,3036.5
11/17/2017,2945.375
11/18/2017,2606.083333
11/19/2017,2771.458333
11/20/2017,3141.291667
11/21/2017,2964.083333
11/22/2017,3073.708333
11/23/2017,2776.416667
11/24/2017,2649.625
11/25/2017,2471.583333
11/26/2017,2632.958333
11/27/2017,2924.75
11/28/2017,2817.666667
11/29/2017,2780.541667
11/30/2017,2908.25
12/1/2017,3004.25
12/2/2017,2839.25
12/3/2017,2736.208333
12/4/2017,2942.833333
12/5/2017,2960.583333
12/6/2017,3203.416667
12/7/2017,3357.333333
12/8/2017,3503.208333
12/9/2017,3423.541667
12/10/2017,3259.208333
12/11/2017,3372.125
12/12/2017,3429.958333
12/13/2017,3635.833333
12/14/2017,3496.916667
12/15/2017,3545.333333
12/16/2017,3042
12/17/2017,2950.375
12/18/2017,3121.041667
12/19/2017,3031.625
12/20/2017,3041.25
12/21/2017,3104.583333
12/22/2017,2792.708333
12/23/2017,2809.875
12/24/2017,2912.833333
12/25/2017,3111.083333
12/26/2017,3387.958333
12/27/2017,3856.291667
12/28/2017,3917.458333
12/29/2017,3626.958333
12/30/2017,3603.666667
12/31/2017,3816.083333
1/1/2018,3972.708333
1/2/2018,4336.208333
1/3/2018,4147
1/4/2018,4118.75
1/5/2018,4253.416667
1/6/2018,4121.5
1/7/2018,3765.666667
1/8/2018,3501.75
1/9/2018,3316.583333
1/10/2018,3119.958333
1/11/2018,2867.083333
1/12/2018,3183.666667
1/13/2018,3637.416667
1/14/2018,3646.5
1/15/2018,3787.291667
1/16/2018,4037.333333
1/17/2018,3804.5
1/18/2018,3930.375
1/19/2018,3584.75
1/20/2018,3073.583333
1/21/2018,2755.416667
1/22/2018,2881.5
1/23/2018,3049.541667
1/24/2018,3334.5
1/25/2018,3334.583333
1/26/2018,3042.208333
1/27/2018,2724.208333
1/28/2018,2646.583333
1/29/2018,3229.291667
1/30/2018,3421.875
1/31/2018,3289.083333
2/1/2018,3157.541667
2/2/2018,3601.75
2/3/2018,3397.458333
2/4/2018,3079.708333
2/5/2018,3542.666667
2/6/2018,3427.083333
2/7/2018,3486.541667
2/8/2018,3546.291667
2/9/2018,3260.708333
2/10/2018,2928.5
2/11/2018,3043.5
2/12/2018,3292.541667
2/13/2018,3334.541667
2/14/2018,3010.166667
2/15/2018,2771.208333
2/16/2018,2856.791667
2/17/2018,3020.625
2/18/2018,2795.916667
2/19/2018,2813.25
2/20/2018,2679.541667
2/21/2018,2730.041667
2/22/2018,3031.333333
2/23/2018,2858.208333
2/24/2018,2596.083333
2/25/2018,2589.083333
2/26/2018,2892.833333
2/27/2018,2885.375
2/28/2018,2820.083333
3/1/2018,2830.416667
3/2/2018,2933.083333
3/3/2018,2775
3/4/2018,2724.375
3/5/2018,3069.041667
3/6/2018,2880.791667
3/7/2018,3119.291667
3/8/2018,3348
3/9/2018,3194.916667
3/10/2018,2845.916667
3/11/2018,2841.130435
3/12/2018,3150.291667
3/13/2018,3296.208333
3/14/2018,3366.333333
3/15/2018,3086.541667
3/16/2018,3055.541667
3/17/2018,2918.25
3/18/2018,2679.458333
3/19/2018,2855.5
3/20/2018,3099.458333
3/21/2018,3327.875
3/22/2018,3189.041667
3/23/2018,3034.833333
3/24/2018,3012.375
3/25/2018,2851.958333
3/26/2018,2991.791667
3/27/2018,2826.916667
3/28/2018,2775.25
3/29/2018,2762.916667
3/30/2018,2742.625
3/31/2018,2656.791667
4/1/2018,2450.333333
4/2/2018,2982.708333
4/3/2018,2867.291667
4/4/2018,3024.458333
4/5/2018,2726.375
4/6/2018,2834.916667
4/7/2018,2864.875
4/8/2018,2795.833333
4/9/2018,3056.708333
4/10/2018,3006.583333
4/11/2018,2900.083333
4/12/2018,2707.958333
4/13/2018,2671.541667
4/14/2018,2462.75
4/15/2018,2406.625
4/16/2018,3010.083333
4/17/2018,3079.875
4/18/2018,2895.75
4/19/2018,2854.666667
4/20/2018,2786.166667
4/21/2018,2523.041667
4/22/2018,2400
4/23/2018,2629.125
4/24/2018,2620
4/25/2018,2631.125
4/26/2018,2680.458333
4/27/2018,2647.791667
4/28/2018,2466.208333
4/29/2018,2451.75
4/30/2018,2666.416667
5/1/2018,2662.916667
5/2/2018,2891.875
5/3/2018,3120.208333
5/4/2018,3051.333333
5/5/2018,2485.75
5/6/2018,2454.791667
5/7/2018,2737.125
5/8/2018,2794.75
5/9/2018,2914.5
5/10/2018,3108.583333
5/11/2018,3180.375
5/12/2018,3178.416667
5/13/2018,3196.75
5/14/2018,3686.583333
5/15/2018,3731.208333
5/16/2018,3270.791667
5/17/2018,3212.25
5/18/2018,3035.791667
5/19/2018,2861.375
5/20/2018,3060
5/21/2018,3446.333333
5/22/2018,3465.208333
5/23/2018,3308.041667
5/24/2018,3261.75
5/25/2018,3375.916667
5/26/2018,3191.666667
5/27/2018,3282.5
5/28/2018,3486.291667
5/29/2018,3683.791667
5/30/2018,3748.166667
5/31/2018,3636.458333
6/1/2018,3360.125
6/2/2018,3189.375
6/3/2018,3116.125
6/4/2018,3042
6/5/2018,3044.416667
6/6/2018,3068.208333
6/7/2018,3270.833333
6/8/2018,3585.375
6/9/2018,3322.625
6/10/2018,3109.5
6/11/2018,3228.041667
6/12/2018,3294.041667
6/13/2018,3567.875
6/14/2018,3420.375
6/15/2018,3531.708333
6/16/2018,3596.958333
6/17/2018,3885.958333
6/18/2018,4342
6/19/2018,4328.958333
6/20/2018,4079.625
6/21/2018,3561.333333
6/22/2018,3416.916667
6/23/2018,3036.083333
6/24/2018,3244.208333
6/25/2018,3236.875
6/26/2018,3174.833333
6/27/2018,3399.958333
6/28/2018,3744.541667
6/29/2018,3945.791667
6/30/2018,3915.541667
7/1/2018,3806.166667
7/2/2018,3885.916667
7/3/2018,3783.625
7/4/2018,3822.541667
7/5/2018,4179.583333
7/6/2018,3688.958333
7/7/2018,3030.5
7/8/2018,3203.916667
7/9/2018,3931.458333
7/10/2018,4120.75
7/11/2018,3897.166667
7/12/2018,3637.416667
7/13/2018,3781.625
7/14/2018,3786.333333
7/15/2018,3657.75
7/16/2018,3998.083333
7/17/2018,3936.75
7/18/2018,3650.041667
7/19/2018,3637.166667
7/20/2018,3180.625
7/21/2018,2880.458333
7/22/2018,3011.5
7/23/2018,3246
7/24/2018,3377.541667
7/25/2018,3637
7/26/2018,3725.333333
7/27/2018,3524.916667
7/28/2018,3096.333333
7/29/2018,3035.5
7/30/2018,3359.333333
7/31/2018,3405.25
8/1/2018,3345.375
8/2/2018,3471.083333
8/3/2018,3281
